file,bytes,sha256
.github/workflows/R-tests.yaml,540,e49aa19b330861d6dc5ec044608007975f3a7ecca2e46d3820378d890dbe3e6c
.gitignore,85,c0579c6b06dfee72f127f9b831bbed84abc0751ac7d3b2fb13a5abdbb5407b9b
CITATION.cff,605,4176cdc490b088f5229bdd9472402cf439bccb2bc8d91558064cdbc86196b666
DEPLOY_SHINYAPPS.md,1842,9aaa73992250e454159c5bec41982b35cf27c09cb16cfb4311cce1ccb84c485f
OPEN_APP.R,638,2c6edfb5bbe7e03223c9d52f94007098901ff10605dada4f5e0dbac3cc4803a6
PUBLICATION_CHECKLIST.md,778,ea06f3ff76167bbdee763a9f8c1eca82392f745aa3e1790af80505e807d2d379
PollinationRiskTool.Rproj,156,49e0757012ad1cdfee4efb09d72557166c7cfd5bbbd3fca55b0c4514528e8719
README.md,3519,b68584680275554fcd2324cc7950a9a6f630cecb028ce2e63f927d4d457f4175
REVIEWER_NOTE.md,941,f9c5c9d4beef3b30b2f758ae7ff127c732de1d66af0319dadc41e58526820331
START_HERE.txt,577,9ec7152ef325d14b26fa9d2275881a18270307253bcbb07875dfab0a126abf5e
VERSION,27,b3096d72b57f4209b77a73bcab9aecb2c51bece8d83aeccff5150537232ef1a7
app.R,114954,0bd008222437f7fe7cd4b4b5a612e2d57f3bd809c5b9914ada4f96ed5f4d57ac
data/DEMONSTRACAO_QUATRO_CULTURAS_NAO_CITAR.csv,733,0c31b339e1a4d55dce18619c94e229633498f2dc959f63d1125e7f11799ca27d
data/article_4M.csv,411,fb9befd9b49079f679b6ef32aa0bfdfee8b8c11ffad501f462b754003eae4f73
data/catalogo_evidencias_v30.csv,908668,8c967e0369fda9d6827c2af3cff99ba9e7a0eccd27a109e22c54429faeca9855
data/catalogo_nomes_comuns.csv,104260,af40e96be7db24fc72e9e939f5b5bb7e78935f451771988b3cfe81d32d059906
data/crop_evidence_database.csv,5011,b8ea592b1a1788dd112f71140fe5c8ad22e873eec061edce506bf3c7b93640ac
data/evidence_source_registry.csv,1831,ba94ca41309abe87846a5c31fe22aae8400c6e902f7e3f0944caa448bf7ef612
data/evidence_traceability_schema.csv,1032,89a135b447661a21f4505e3cbb796a5976fd2dbca52f0791da84cb778eb5533b
data/expanded_crop_registry.csv,501,064c0b4b722602c2f734dc5c5dc510053da8010149d5516bc181da2b170aec2a
data/exposure_priority_bands.csv,671,d0047e984a2682c4944e80023a9b3186c92e0298114c62e4e2e9613b674bbd16
data/management_actions.csv,877,d9ee2b17c15ff54bd353a42dea6459af8815653c78b368edd083b172e8ec054e
data/management_decision_rules.csv,3844,4a8a066131f37d99ced44f95a56885a7957341dc52aeef49124e715f2ddf856b
data/management_evidence_database.csv,7065,778c9463ee8f10387e5acb37265f59eee26771964be6839fa314f5dcbf057268
data/management_priority_matrix.csv,1262,0953ff284f645d4e6eb1202b85fe031e41a7189e558a4f2aadb3d36b071532bc
data/modelo_dados_cultivos.csv,496,319b68219e6da908719f22b892025bf5f10bd553b60fbbf69f9424ad3c0ddf1c
data/modelo_dados_cultivos.xlsx,11978,b0e934c54ca7fe59f1d7c844f013ace5fee477631b5c888f0209a2e277acb2ca
data/siopa_metadados_fontes.csv,174888,06c203046a532e672d4d8a39c0e952678b6e2da69ef85ab7bcd7ebd35cac1bc2
docs/development_history/AUDIT_V2_26_2.md,2236,f760f39343e9792d3ef3cd97974b0ec898f09a00f1b52f593332534442949b53
docs/development_history/CHANGELOG.md,5024,3fdbef8491d6f52658949285d4f6157bdab743e5f32c1fe772fdb046db0f2051
docs/development_history/EXPANSION_INTEGRATION.md,1018,bc24f97affe6d969477f00e6c0f4b5aacce584eabbdefbcd84a452df8ad0351a
docs/development_history/REVIEW_RELEASE.md,820,9c655835374ccad8a0e3be3ded42f68ce7cdad8be97c26b6ff30b44cd3043cef
docs/development_history/V2_27_RC1_CHANGES.md,805,684304ca3a49351f570d3d42a1b8e7838f64d8bcca88313dfe32552739c6f385
docs/development_history/V2_27_RC2_CHANGES.md,769,ecedce89624a25083336552f15b084d27aac2f7361e474f27932f5b22c91907a
docs/development_history/V2_27_RC3_CHANGES.md,325,e37410e155421d9dd19f74997699b522b667e6c84ca79c97a9077d42b0bc9e7d
docs/development_history/V2_30_INTEGRACAO.md,1197,e0253bbaf276f715336e12513e304c1f3444f3bd3f03a15db1d9e372fef2a8be
docs/development_history/V2_31_CORRECOES.md,677,e576cd77cd08040e9922c7ffff646c664ac04823e00c1dca57f6a3b9c4ec0744
docs/development_history/V2_32_NOMES_COMUNS.md,341,f6ca7c37ee4d226687e4534447951c2417ba7e28264100295ff99793ad1492e6
docs/development_history/V2_33_TABELA_COMPACTA.md,494,30b39e537af2d17d443e04c19542ace37dc879250984711d9167fd50f93eb306
docs/development_history/V2_34_SINTESE.md,904,2aa7510345369ea274f5208d714e8be71e67bce47955202f3c3f56a2c1739c25
docs/development_history/V2_35_ALTERACOES.md,828,27fde196d300d6d5461338f846b38b1f2c3f864d4beea0eee76d5f09e04c35d3
docs/development_history/V2_36_ESTUDOS_PROTOCOLOS.md,540,099dd0fbcf2a2c2516fbf7932483f43ed4ff41d86031ada38661fb54dfb24e39
docs/development_history/V2_37_RASTREABILIDADE.md,526,907bb2a798fb3d9879499c65327ab860b11c2bb3533eaf9b36d9d4eb0ea823ef
run_tests.R,294,ce17c505e972d8ef82416a2637b2725db66ea1e4197133350939114361c0be24
tests/test_4M_results.R,736,c9429e6a8767f9fb6dff2a723e6c1ebb3b02d15ef3ac313cd4e2d9b78955debf
tests/test_about_scientific_information.R,872,d0ce865cb48430d9061f89289beaf1f3697bca6cef5ac93b2af7682628c31966
tests/test_app_load.R,133,766b76638b8193c8ad73c901d2593f57211c2f70b9b6273a2ceb4c7151ae3b28
tests/test_dashboard_crop_selection.R,400,2ac919d6aa95f27342afc6e3bf57aed89227539ac00cb4d995d1294a6110880e
tests/test_data_integrity.R,1363,ffd8e6badbc5bf50ed785cdaefa5c2d7fd47edfef6f9b77712752bbdd042cbd5
tests/test_demo_import_four_crops.R,798,40240d0c540000e76c043067ce89071e2e2b80c8f851192edfe958601d1877a3
tests/test_doi_traceability.R,404,cfa46d1ace94d1a6b44ecca4b035fc90390e3e18895924da3308969d265d7352
tests/test_evidence_semantics.R,1464,d2aa2e15b2c46aaaed9902e98fb08f32f376b543399f8b6f6f739134af4307a8
tests/test_expanded_crop_registry.R,815,9bb56d015a25247ce48de3265dd8e6841c9ff27c03e65d60222fff8a10e303a5
tests/test_management_card_transparency.R,531,5518195105409ab41527539774f706e4e75b0f46cf5ef8182be4402a457bf004
tests/test_management_evidence_toggle.R,556,8114c26983ac47849f6e11d8fa194d635bdfb1340f11c6b63572d5c4857e97f0
tests/test_management_input_persistence.R,437,afceb60180c642310258d57d4566e7133af4db6114b316fe033af5fa8899b5ce
tests/test_management_semantics.R,989,187a08b56525a3d669eaec450e6fb293b40cf55142de7702974aabb34c248f81
tests/test_modification_state_ui.R,620,587da879f58151947ae629fe79bea981b6409a3431a357fc432a29fc368a2c22
tests/test_scientific_guardrails.R,771,85624f59550a6930c220e4b6b2df53e41f76258576517ef62d2d57503ccef6ff
