Evidence_ID,Crop,Crop_PT,Scientific_name,Evidence_type,Dependence_class,DR_min,DR_max,DR_representative,DR,Geographic_scope,Country,Reference,DOI,Source_ID,Source_database,Original_or_derived,Evidence_lineage,Source_level,Selectable_for_calculation,Validation_status,Notes
MEL-001,Melon,Melão,Cucumis melo,Quantitative,Essential,0.95,0.95,0.95,0.95,Global,,Klein et al. (2007),10.1098/rspb.2006.3721,KLEIN2007,Original publication,Original,KLEIN2007,Foundational,Yes,Verified,Foundational global dependence classification; representative DR follows Gallai & Vaissière class conversion used by Giannini et al. (2015).
MEL-002,Melon,Melão,Cucumis melo,Quantitative,Essential,0.95,0.95,0.95,0.95,Brazil,Brazil,Giannini et al. (2015),10.1093/jee/tov093,GIANNINI2015,Original publication,Original,GIANNINI2015,National synthesis,Yes,Verified,Brazilian crop-dependence synthesis; selectable regional evidence.
WAT-001,Watermelon,Melancia,Citrullus lanatus,Quantitative,Essential,0.95,0.95,0.95,0.95,Global,,Klein et al. (2007),10.1098/rspb.2006.3721,KLEIN2007,Original publication,Original,KLEIN2007,Foundational,Yes,Verified,Foundational global dependence classification.
WAT-002,Watermelon,Melancia,Citrullus lanatus,Quantitative,Essential,0.95,0.95,0.95,0.95,Brazil,Brazil,Giannini et al. (2015),10.1093/jee/tov093,GIANNINI2015,Original publication,Original,GIANNINI2015,National synthesis,Yes,Verified,Brazilian crop-dependence synthesis.
PAP-001,Papaya,Mamão,Carica papaya,Quantitative,Little,0.05,0.05,0.05,0.05,Global,,Klein et al. (2007),10.1098/rspb.2006.3721,KLEIN2007,Original publication,Original,KLEIN2007,Foundational,Yes,Verified,Foundational global dependence classification.
PAP-002,Papaya,Mamão,Carica papaya,Quantitative,Little,0.05,0.05,0.05,0.05,Brazil,Brazil,Giannini et al. (2015),10.1093/jee/tov093,GIANNINI2015,Original publication,Original,GIANNINI2015,National synthesis,Yes,Verified,Brazilian synthesis reports DR 0.05.
MAN-001,Mango,Manga,Mangifera indica,Quantitative,Great,0.65,0.65,0.65,0.65,Global,,Klein et al. (2007),10.1098/rspb.2006.3721,KLEIN2007,Original publication,Original,KLEIN2007,Foundational,Yes,Verified,Global classification: Great dependence.
MAN-002,Mango,Manga,Mangifera indica,Quantitative,No increase,0.00,0.00,0.00,0.00,Brazil,Brazil,Giannini et al. (2015),10.1093/jee/tov093,GIANNINI2015,Original publication,Original,GIANNINI2015,National synthesis,Yes,Verified,Brazil-specific update in Table 1: global Great classification was updated to No increase for the Brazilian synthesis.
MAN-003,Mango,Manga,Mangifera indica,Supporting,Supporting evidence,,,,,"South Florida, USA",USA,Mallinger et al. (2021),,MALLINGER2021,Original publication,Original,MALLINGER2021,Field study,No,Verified,Field study identifies mango as pollinator-dependent and evaluates pollinator diversity and fruit yield; no class DR imported automatically.
COF-001,Coffee,Café,Coffea arabica,Quantitative,Modest,0.25,0.25,0.25,0.25,Global,,Klein et al. (2007),10.1098/rspb.2006.3721,KLEIN2007,Original publication,Original,KLEIN2007,Foundational,Yes,Verified,Global classification: Modest dependence.
COF-002,Coffee,Café,Coffea arabica,Quantitative,Modest,0.25,0.25,0.25,0.25,Brazil,Brazil,Giannini et al. (2015),10.1093/jee/tov093,GIANNINI2015,Original publication,Original,GIANNINI2015,National synthesis,Yes,Verified,Brazilian synthesis retains Modest dependence and DR 0.25; also reports fruit-quality benefits.
APP-001,Apple,Maçã,Malus domestica,Quantitative,Great,0.65,0.65,0.65,0.65,Global,,Klein et al. (2007),10.1098/rspb.2006.3721,KLEIN2007,Original publication,Original,KLEIN2007,Foundational,Yes,Verified,Global classification: Great dependence.
APP-002,Apple,Maçã,Malus domestica,Quantitative,Great,0.65,0.65,0.65,0.65,Brazil,Brazil,Giannini et al. (2015),10.1093/jee/tov093,GIANNINI2015,Original publication,Original,GIANNINI2015,National synthesis,Yes,Verified,Brazilian synthesis uses Great dependence and DR 0.65.
TOM-001,Tomato,Tomate,Solanum lycopersicum,Quantitative,Little,0.05,0.05,0.05,0.05,Global,,Klein et al. (2007),10.1098/rspb.2006.3721,KLEIN2007,Original publication,Original,KLEIN2007,Foundational,Yes,Verified,Global classification reported as Little in the Brazilian comparison table.
TOM-002,Tomato,Tomate,Solanum lycopersicum,Quantitative,Great,0.65,0.65,0.65,0.65,Brazil,Brazil,Giannini et al. (2015),10.1093/jee/tov093,GIANNINI2015,Original publication,Original,GIANNINI2015,National synthesis,Yes,Verified,Brazil-specific update from Little to Great; DR 0.65; fruit-quality benefit also reported.
PAS-001,Passion fruit,Maracujá,Passiflora edulis,Quantitative,Essential,0.95,0.95,0.95,0.95,Global,,Klein et al. (2007),10.1098/rspb.2006.3721,KLEIN2007,Original publication,Original,KLEIN2007,Foundational,Yes,Verified,Foundational global classification: Essential dependence. Brazil-specific supporting literature should be added as a separate evidence record only after its exact bibliographic provenance has been verified.
